thumb_1653453903_img_20211011_172526_23_11zon.jpg	Elite Hight	Heavy Duty Racking System
thumb_1653453904_img_20211011_172546_17_11zon_1_11zon.jpg	Elite Hight	Heavy Duty Racking System
thumb_1653453904_img_20211011_172600_18_11zon_2_11zon.jpg	Elite Hight	Heavy Duty Racking System
thumb_1653453905_img_20211011_172533_24_11zon.jpg	Elite Hight	Heavy Duty Racking System
thumb_1653453906_img_20211013_152441_21_11zon_3_11zon.jpg	Elite Hight	Heavy Duty Racking System
thumb_1653453906_img_20211013_152443_22_11zon_4_11zon.jpg	Elite Hight	Heavy Duty Racking System
thumb_1653453931_img_20211013_151759_20_11zon.jpg	Elite Hight	Heavy Duty Racking System
thumb_1653453934_img_20211013_151622_19_11zon.jpg	Elite Hight	Heavy Duty Racking System
thumb_1653454347_img_20211102_151435.jpg	Electronics World	Superblock Rack Supported Platform
thumb_1653454349_img_20211102_151501.jpg	Electronics World	Superblock Rack Supported Platform
thumb_1653454536_img_20220304_170720.jpg	Euro Base Technology	Selective Pallet Racking
thumb_1653454930_img_20210104_162605.jpg	Fanz Sdn Bhd	Selective Pallet Racking
thumb_1653454931_img_20210104_162502.jpg	Fanz Sdn Bhd	Selective Pallet Racking
thumb_1653454933_img_20210104_162500.jpg	Fanz Sdn Bhd	Selective Pallet Racking
thumb_1653459059_img_20210721_110535_1_11zon.jpg	Grand Meltique Food Trading	Selective Pallet Racking
thumb_1653459060_img_20210721_110646_3_11zon.jpg	Grand Meltique Food Trading	Selective Pallet Racking
thumb_1653459062_img_20210721_110634_2_11zon.jpg	Grand Meltique Food Trading	Selective Pallet Racking
thumb_1653459146_img_20210721_110524_11zon.jpg	Grand Meltique Food Trading	Selective Pallet Racking
thumb_1653459708_img_20210102_151039_14_11zon.jpg	ITG Machinery	Heavy Duty Racking System
thumb_1653459708_img_20210102_151550_10_11zon.jpg	ITG Machinery	Heavy Duty Racking System
thumb_1653459709_img_20210102_151614_11_11zon.jpg	ITG Machinery	Heavy Duty Racking System
thumb_1653459710_img_20210102_151244_19_11zon.jpg	ITG Machinery	Heavy Duty Racking System
thumb_1653459710_img_20210102_151256_21_11zon.jpg	ITG Machinery	Heavy Duty Racking System
thumb_1653459711_img_20210102_151922_12_11zon.jpg	ITG Machinery	Heavy Duty Racking System
thumb_1653459711_img_20210102_151933_13_11zon.jpg	ITG Machinery	Heavy Duty Racking System
thumb_1653459712_img_20210102_151145_16_11zon.jpg	ITG Machinery	Heavy Duty Racking System
thumb_1653459712_img_20210102_151252_20_11zon.jpg	ITG Machinery	Heavy Duty Racking System
thumb_1653459713_img_20210102_151056_15_11zon.jpg	ITG Machinery	Heavy Duty Racking System
thumb_1653459713_img_20210102_151148_17_11zon.jpg	ITG Machinery	Heavy Duty Racking System
thumb_1653459714_img_20210102_151151_18_11zon.jpg	ITG Machinery	Heavy Duty Racking System
thumb_1653460099_img_20210311_123604.jpg	KearyIrama Global Sdn Bhd	Selective Pallet Racking
thumb_1653460099_img_20210311_123618.jpg	KearyIrama Global Sdn Bhd	Selective Pallet Racking
thumb_1653460099_img_20210311_123627.jpg	KearyIrama Global Sdn Bhd	Selective Pallet Racking
thumb_1653460100_img_20210311_123548.jpg	KearyIrama Global Sdn Bhd	Selective Pallet Racking
thumb_1653460346_img_20220114_110209.jpg	Keck Seng Electronic	Heavy Duty Racking System
thumb_1653460628_img_20220321_103133.jpg	TF Plastics	Heavy Duty Racking System
thumb_1653460636_img_20220321_103148.jpg	TF Plastics	Heavy Duty Racking System
thumb_1653460636_img_20220321_103218.jpg	TF Plastics	Heavy Duty Racking System
thumb_1653460641_img_20220321_103234.jpg	TF Plastics	Heavy Duty Racking System
thumb_1653460642_whatsappimage20220517at2.19.42pm.jpeg	TF Plastics	Heavy Duty Racking System
thumb_1653461223_img_20220114_110203.jpg	Keck Seng Electronic	Heavy Duty Racking System
thumb_1653464187_img_20210104_162537.jpg	Fanz Sdn Bhd	Selective Pallet Racking
thumb_1653464238_img_20220106_142648.jpg	Zero To Infinity	Superblock Rack Supported Platform
thumb_1653464238_img_20220106_142651.jpg	Zero To Infinity	Superblock Rack Supported Platform
thumb_1653464243_img_20220106_142846.jpg	Zero To Infinity	Superblock Rack Supported Platform
thumb_1653464243_img_20220106_142849.jpg	Zero To Infinity	Superblock Rack Supported Platform
thumb_1653464255_img_20220106_142923.jpg	Zero To Infinity	Superblock Rack Supported Platform
thumb_1653464255_img_20220106_143025.jpg	Zero To Infinity	Superblock Rack Supported Platform
thumb_1653464256_img_20220106_142926.jpg	Zero To Infinity	Superblock Rack Supported Platform
