bar-bracket	AA Upright	1575521788_p058--.jpg
bar-bracket	Canopy Bracket	1575438448_p001.jpg
bar-bracket	Round bar with stud	1584509043_ss-holloe-bars.jpg
bar-bracket	Square Bar	1575452708_p047--.jpg
bar-bracket	Square Bar Bracket	1575438981_p004--.jpg
bar-bracket	Square Bar Brackets ( R&amp;L )	1575439026_p005--.jpg
boltless-rack	Light Duty Boltless Rack	1575521504_p051--.jpg
boltless-rack	Metal Shelve Divider	1575521594_p054--.jpg
boltless-rack	Oppa Boltless Rack	1584936461_o ) oppa boltless rack (3).jpg
boltless-rack	Pigeon Hole	1575521637_p055--.jpg
boltless-rack	Rubber Shoe	1575521540_p052--.jpg
boltless-rack	Wheel	1575521567_p053--.jpg
cashier-counter	Cashier Counter C/W Bookshelf	1575448206_p037--.jpg
cashier-counter	Casio SE-G1 cashier counter	1584509336_download.jpg
cashier-counter	Oppa Cashier Counter	1575528383_p080--.jpg
cashier-counter	Oppa Coffee Table w/ Diamond Netting	1584940072_u) oppa coffee table with diamond netting (3).jpg
heavy-duty-rack	Cantilevel Racking System	1576567589_rank.jpeg
heavy-duty-rack	Double Deep Pallet Racking Systems	1576567630_rank.jpg
heavy-duty-rack	Drive In Racking System	1584510967_drive-in-racking-system.jpg
heavy-duty-rack	Heavy/ Medium Duty Storage Racking	1576567750_rank3.jpeg
heavy-duty-rack	Multi-Tier Heavy Duty Racking	1576567882_rank1.jpeg
heavy-duty-rack	Selective Pallet Racking	1576653262_rank viii.jpeg
hook	Bar Hook With Ticket Holder	1575442254_p012--.jpg
hook	Netting Hook (Chrome)	1575441831_p007--.jpg
hook	Netting Hook (White)	1575441976_p008--.jpg
hook	Price Tag	1575521867_p060--.jpg
hook	Square Bar Hook	1575442045_p009--.jpg
hook	Waterfall Bar (Chrome)	1575442116_p010--.jpg
hook	Waterfall Bar (Wall Type)	1575442159_p011--.jpg
hot-deal-product	1 Layer Round Bar T-Stand	1575445588_p032--.jpg
hot-deal-product	130kg plastic Hand Truck	1584677277_1535606702bab40f0118bb3c75d983e6f2bfba28eb.jpg
hot-deal-product	2 IN 1 RACK (HDF) C/W 4 level HDF board	1593828471_4.jpg
hot-deal-product	2 Layer Scaft Stand	1575445301_p024--.jpg
hot-deal-product	2 Layer Windmill Stand	1584677476_img_20160926_100714.jpg
hot-deal-product	2 Level Offer Bin	1575876227_p064--.jpg
hot-deal-product	2 Level Offer Bin With Back Netting	1575528012_p068--.jpg
hot-deal-product	2 Tier Shopping Trolley	1575450954_p042--.jpg
hot-deal-product	Cantilevel Racking System	1576567589_rank.jpeg
hot-deal-product	Double Deep Pallet Racking Systems	1576567630_rank.jpg
hot-deal-product	Drive In Racking System	1584510967_drive-in-racking-system.jpg
hot-deal-product	Gondola	1575452658_p050--.jpg
hot-deal-product	Heavy/ Medium Duty Storage Racking	1576567750_rank3.jpeg
hot-deal-product	Light Duty Boltless Rack	1575521504_p051--.jpg
hot-deal-product	Multi-Tier Heavy Duty Racking	1576567882_rank1.jpeg
hot-deal-product	Selective Pallet Racking	1576653262_rank viii.jpeg
mannequin-accessories	A99/B99 white mannequin	1584510675_20630205_10155051994154401_2116444461_o.jpg
mannequin-accessories	Hand Mannequin	1584677163_whatsapp image 2018-08-30 at 1.19.47 pm(1).jpeg
mannequin-accessories	Hanging Child	1575521721_p056--.jpg
mannequin-accessories	Hanging Women (Pink/ White)	1575521759_p057--.jpg
mannequin-accessories	Plastic Children Head Mannequin	1584676880_img_20160926_102412.jpg
oppa-rack	Cabinet Box With Roller	1575528408_p081--.jpg
oppa-rack	Oppa 2 Way Stand	1575528309_p077--.jpg
oppa-rack	Oppa 3 Layer Basket Stand	1575528338_p078--.jpg
oppa-rack	Oppa 3 step table c/w roller	1584938328_2) oppa 3 step table with roller (2).jpg
oppa-rack	Oppa A Stand	1584934205_d ) oppa a stand (2).jpg
oppa-rack	Oppa A Stand Wih 4 Container	1575528281_p076--.jpg
oppa-rack	Oppa B Stand	1584934920_e) oppa b stand   (4).jpg
oppa-rack	Oppa Basket for Oppa Wall Rack	1584938517_6d) oppa basket (5).jpg
oppa-rack	Oppa Basket stand c/w 4 basket	1584936862_q ) oppa basket stand 4 level (2).jpg
oppa-rack	Oppa Bin	1584937889_oppa bin.jpg
oppa-rack	Oppa Boltless Rack	1584936461_o ) oppa boltless rack (3).jpg
oppa-rack	Oppa Cabinet Rack	1575528255_p075--.jpg
oppa-rack	Oppa Cashier Counter	1575528383_p080--.jpg
oppa-rack	Oppa Chair - Rectangular	1584941557_w) oppa chair rectangula (2).jpg
oppa-rack	Oppa Coffee Table w/ Diamond Netting	1584940072_u) oppa coffee table with diamond netting (3).jpg
oppa-rack	Oppa Container	1575528466_p083--.jpg
other-accessories	Banquet Table	1584508928_ed0e7800906721d880f76885ddba372b36acb37f_0.jpg
other-accessories	Color Clip	1575521949_p062--.jpg
other-accessories	Compartment Steel Locker	1584509677_20150331122059p9vw8s1kzt6tr_340.jpg
other-accessories	Cosim 7800 time recorder	1584677912_capture.jpg
other-accessories	File Tray	1584678061_niso-3tire-document-tray-f.jpg
other-accessories	Loop Pin	1575528773_p090--.jpg
other-accessories	Money detector	1584509179_counterfeit-money-detector-ad-2038-500x500.jpg
other-accessories	Nichiban Sealer	1584509249_bs3000n.jpg
other-accessories	Paper Roll	1575528866_p094--.jpg
other-accessories	Plastic Paper Bin	1584678115_niso plastic dustbin paper basket office use ( pb220 ) [b8]-700x700.jpg
other-accessories	Price Labeller	1575528832_p092--.jpg
other-accessories	Price Tag	1575521867_p060--.jpg
other-accessories	Promotion Card	1575529000_p098--.jpg
other-accessories	Queue-up Pole	1584507969_file.jpg
other-accessories	Red Hook Lock	1575528801_p091--.jpg
other-accessories	Single Layer Offer Bin Canvas	1584678229_thumb_1403167101x6pobdd.jpg
rack-stand	1 Layer Round Bar T-Stand	1575445588_p032--.jpg
rack-stand	2 Layer Scaft Stand	1575445301_p024--.jpg
rack-stand	2 Layer Windmill Stand	1584677476_img_20160926_100714.jpg
rack-stand	4 Way Display Stand With Bearing	1575443711_p014--.jpg
rack-stand	A’ Present Paper Stand	1575443748_p015--.jpg
rack-stand	Bangle stand	1584511149_10162806_1.jpg
rack-stand	Banner Stand	1575521832_p059--.jpg
rack-stand	Canopy Stand	1575445202_p022--.jpg
rack-stand	Cantilever Storage Racking System	1780996164_cantileverstoragerackingsystem1.png
rack-stand	Double Deep Pallet Racking System	1781230276_doubledeeppalletrackingsystem1.png
rack-stand	Double Layer Square Bar T-Stand	1575445523_p030--.jpg
rack-stand	Double Layer T-Stand	1575445619_p033--.jpg
rack-stand	Double Side Round Bar T-Stand	1575445649_p034--.jpg
rack-stand	Double size AA Multipurpose Stand	1575443985_p020--.jpg
rack-stand	Drive-In Pallet Racking System	1780996324_driveinpalletrackingsystem1.jpeg
rack-stand	E’ Present Paper Stand	1575443824_p016--.jpg
trolley-basket	130kg plastic Hand Truck	1584677277_1535606702bab40f0118bb3c75d983e6f2bfba28eb.jpg
trolley-basket	2 Tier Shopping Trolley	1575450954_p042--.jpg
trolley-basket	3 Step Ladder Trolley	1575450825_p038--.jpg
trolley-basket	Basket	1575450914_p041--.jpg
trolley-basket	Double Layer Hand Trolley	1584677078_15356072795d8930869a3aafab848fcc191d6ef6dd.jpeg
trolley-basket	Fruit Rack Basket	1575451094_p045--.jpg
trolley-basket	Metal ST150 Hand Truck	1575450851_p039--.jpg
trolley-basket	PVC ST150 Hand Truck	1575450887_p040--.jpg
trolley-basket	Shopping Basket WIth Roller	1575451016_p044--.jpg
trolley-basket	Shopping Trolley	1575450987_p043--.jpg
wire-product	2 Level Offer Bin	1575876227_p064--.jpg
wire-product	2 Level Offer Bin With Back Netting	1575528012_p068--.jpg
wire-product	3 Level Offer Bin	1575527982_p067--.jpg
wire-product	Basket With Screw	1575528180_p074--.jpg
wire-product	Candy Basket	1575528076_p070--.jpg
wire-product	Candy Basket Divider	1575527938_p066--.jpg
wire-product	Netting Basket	1575528134_p072--.jpg
wire-product	Netting Frame	1575528104_p071--.jpg
wire-product	Netting Frame Holder	1575528159_p073--.jpg
wire-product	Oppa Basket stand c/w 4 basket	1584936862_q ) oppa basket stand 4 level (2).jpg
wire-product	Oppa Umbrella Stand	1584937132_b1) oppa umbrella stand 2.jpg
wire-product	Pillow Bin	1575527881_p065--.jpg
wire-product	Single Layer Offer Bin	1575527899_p063--.jpg
wire-product	Single Layer Offer Bin Canvas	1584678229_thumb_1403167101x6pobdd.jpg
wire-product	Wire Offer Bin	1575528038_p069--.jpg
