bar-bracket	AA Upright	1575521788_p058--.png
bar-bracket	Canopy Bracket	1575438448_p001.png
bar-bracket	Round bar with stud	1584509043_ss-holloe-bars_1230488322.png
bar-bracket	Square Bar	1575452708_p047--.png
bar-bracket	Square Bar Bracket	1575438981_p004--.png
bar-bracket	Square Bar Brackets ( R&L )	1575439026_p005--.png
boltless-rack	Light Duty Boltless Rack	1575521504_p051--.png
boltless-rack	Metal Shelve Divider	1575521594_p054--.png
boltless-rack	Oppa Boltless Rack	1584936461_o__oppa_boltless_rack_3.png
boltless-rack	Pigeon Hole	1575521637_p055--.png
boltless-rack	Rubber Shoe	1575521540_p052--.png
boltless-rack	Wheel	1575521567_p053--.png
cashier-counter	Cashier Counter C/W Bookshelf	1575448206_p037--.png
cashier-counter	Casio SE-G1 cashier counter	1584509336_download.png
cashier-counter	Oppa Cashier Counter	1575528383_p080--.png
cashier-counter	Oppa Coffee Table w/ Diamond Netting	1584940072_u_oppa_coffee_table_with_diamond_netting_3.png
gondola	Arcylic Stopper	1575452525_p046--.png
gondola	Data Strip (White/ Red)	1575452571_p048--.png
gondola	Gondola	1575452658_p050--.png
gondola	Wire Stopper	1575452615_p049--.png
hanger	318 Hanger	1584508092_plastic_hanger_1562750314_6b2aa0cfb.png
hanger	6nn Wooden Hanger	1584510224_contemporary-clothes-hangers.png
hanger	Hanging Child	1575521721_p056--.png
hanger	Hanging Women (Pink/ White)	1575521759_p057--.png
hanger	Plastic slipper hanger	1584508147_black-plastic-shoe-hook-slipper-hanger_jpg_350x350.png
hanger	Scarf hanger (small)	1584676329_12562873_10153519379749401_887511145_o.png
hanger	Shoe Hanger (white/Black)	1584509556_a90c5627a80e96b06bb2637f6b206dde.png
heavy-duty-rack	Cantilevel Racking System	01.jpeg
heavy-duty-rack	Double Deep Pallet Racking Systems	02.jpg
heavy-duty-rack	Drive In Racking System	03.jpg
heavy-duty-rack	Heavy/ Medium Duty Storage Racking	04.jpeg
heavy-duty-rack	Multi-Tier Heavy Duty Racking	05.jpeg
heavy-duty-rack	Selective Pallet Racking	06.jpeg
hook	Bar Hook With Ticket Holder	1575442254_p012--.png
hook	Netting Hook (Chrome)	1575441831_p007--.png
hook	Netting Hook (White)	1575441976_p008--.png
hook	Price Tag	1575521867_p060--.png
hook	Square Bar Hook	1575442045_p009--.png
hook	Waterfall Bar (Chrome)	1575442116_p010--.png
hook	Waterfall Bar (Wall Type)	1575442159_p011--.png
mannequin-accessories	A99/B99 white mannequin	1584510675_20630205_10155051994154401_2116444461_o.png
mannequin-accessories	Hand Mannequin	1584677163_whatsapp_image_2018-08-30_at_1_19_47_pm1.png
mannequin-accessories	Hanging Child	1575521721_p056--.png
mannequin-accessories	Hanging Women (Pink/ White)	1575521759_p057--.png
mannequin-accessories	Plastic Children Head Mannequin	1584676880_img_20160926_102412.png
oppa-rack	Cabinet Box With Roller	01.jpg
oppa-rack	Oppa 2 Way Stand	1575528309_p077--.png
oppa-rack	Oppa 3 Layer Basket Stand	1575528338_p078--.png
oppa-rack	Oppa 3 step table c/w roller	1584938328_2_oppa_3_step_table_with_roller_2.png
oppa-rack	Oppa A Stand	1584934205_d__oppa_a_stand_2_1186312409.jpg
oppa-rack	Oppa A Stand Wih 4 Container	1575528281_p076--.png
oppa-rack	Oppa B Stand	1584934920_e_oppa_b_stand___4.png
oppa-rack	Oppa Basket for Oppa Wall Rack	1584938517_6d_oppa_basket_5.png
oppa-rack	Oppa Basket stand c/w 4 basket	1584936862_q__oppa_basket_stand_4_level_2.png
oppa-rack	Oppa Bin	1584937889_oppa_bin.png
oppa-rack	Oppa Boltless Rack	1584936461_o__oppa_boltless_rack_3.png
oppa-rack	Oppa Cabinet Rack	1575528255_p075--.png
oppa-rack	Oppa Cashier Counter	1575528383_p080--.png
oppa-rack	Oppa Chair - Rectangular	1584941557_w_oppa_chair_rectangula_2.png
oppa-rack	Oppa Coffee Table w/ Diamond Netting	1584940072_u_oppa_coffee_table_with_diamond_netting_3.png
oppa-rack	Oppa Container	1575528466_p083--.png
oppa-rack	Oppa Display Stand	1584941214_x_oppa_display_stand.png
oppa-rack	Oppa Fountain Table Rectagular	1575528434_p082--.png
oppa-rack	Oppa Island Stand C/W diamond netting	1584939509_5_oppa_3d_wall_frame__diamond_netting_11_1.png
oppa-rack	Oppa Island Stand C/W level	1584932367_c__oppa_island_stand_3.png
oppa-rack	Oppa Island Table w/ Diamond Netting (Side)	1584940282_v_oppa_island_table_with_diamond_netting.png
oppa-rack	Oppa MLPS Stand	1584936269_n__oppa_4_way_mlps_with_melamine_2.png
oppa-rack	Oppa Offer Bin With Roller	1575528504_p084--.png
oppa-rack	Oppa Platform	1584936690_p__oppa_platform.png
oppa-rack	Oppa Rack L stand C/W level	1575528603_p086--.png
oppa-rack	Oppa Rectangular Stand	1584937636_f1_oppa_rectangular_stand.png
oppa-rack	Oppa Spectacles Stand	1584939794_o_oppa_spectacles_stand.png
oppa-rack	Oppa Sq Stand	1584935716_h_oppa_square_stand_2.png
oppa-rack	Oppa Square Chair	1584941366_w1_oppa_chair_square3.png
oppa-rack	Oppa T Stand Rack	1575528360_p079--.png
oppa-rack	Oppa TV Cabinet	1584939939_t_oppa_tv_cabinet_2.png
oppa-rack	Oppa Table	1575528685_p088--.png
oppa-rack	Oppa Table With Basket	1575528652_p087--.png
oppa-rack	Oppa Umbrella Stand	1584937132_b1_oppa_umbrella_stand_2.png
oppa-rack	Oppa Wall Frame Rack	1575528562_p085--.png
other-accessories	Banquet Table	1584508928_ed0e7800906721d880f76885ddba372b36acb37f_0.png
other-accessories	Color Clip	1575521949_p062--.png
other-accessories	Compartment Steel Locker	1584509677_20150331122059p9vw8s1kzt6tr_340.png
other-accessories	Cosim 7800 time recorder	1584677912_capture.png
other-accessories	File Tray	1584678061_niso-3tire-document-tray-f.png
other-accessories	Loop Pin	1575528773_p090--.png
other-accessories	Money detector	1584509179_counterfeit-money-detector-ad-2038-500x500.png
other-accessories	Nichiban Sealer	1584509249_bs3000n.png
other-accessories	Paper Roll	1575528866_p094--.png
other-accessories	Plastic Paper Bin	2.jpg
other-accessories	Price Labeller	1575528832_p092--.png
other-accessories	Price Tag	1575521867_p060--.png
other-accessories	Promotion Card	1575529000_p098--.png
other-accessories	Queue-up Pole	1584507969_file.png
other-accessories	Red Hook Lock	1575528801_p091--.png
other-accessories	Single Layer Offer Bin Canvas	1584678229_thumb_1403167101x6pobdd.png
other-accessories	Stretch Film	1575528930_p096--.png
other-accessories	Tag Gun	1575528903_p095--.png
other-accessories	Tag Pin	1575528739_p089--.png
rack-stand	1 Layer Round Bar T-Stand	1575445588_p032--.png
rack-stand	2 Layer Scaft Stand	1575445301_p024--.png
rack-stand	2 Layer Windmill Stand	1584677476_img_20160926_100714.png
rack-stand	4 Way Display Stand With Bearing	1575443711_p014--.png
rack-stand	A’ Present Paper Stand	1575443748_p015--.png
rack-stand	Bangle stand	1584511149_10162806_1.png
rack-stand	Banner Stand	1575521832_p059--.png
rack-stand	Canopy Stand	1575445202_p022--.png
rack-stand	Double Layer Square Bar T-Stand	1575445523_p030--.png
rack-stand	Double Layer T-Stand	1575445619_p033--.png
rack-stand	Double Side Round Bar T-Stand	1575445649_p034--.png
rack-stand	Double size AA Multipurpose Stand	1575443985_p020--.png
rack-stand	E’ Present Paper Stand	1575443824_p016--.png
rack-stand	Fruit Rack	1575445680_p035--.png
rack-stand	L-Frame T-Stand	1575445461_p028--.png
rack-stand	Magazine Rack	1575443674_p013--.png
rack-stand	Multipurpose Stand	1575443941_p019--.png
rack-stand	Netting Shoe Rack	1575444132_p021--.png
rack-stand	Newspaper Rack ( Black / White)	1575443912_p018--.png
rack-stand	Pine wood Drawing Stand	1584511631_drawing_stand.png
rack-stand	Scaft Stand ( Black / White )	1575445245_p023--.png
rack-stand	Single Square Bar T-Stand	1575445500_p029--.png
rack-stand	Skippy Rack	1575443881_p017--.png
rack-stand	T-Frame Top Netting 3’	1575445555_p031--.png
rack-stand	T-Shirt Stand	1575445329_p025--.png
rack-stand	T-Shirt Stand Ring Square Bar	1575445396_p026--.png
rack-stand	T-Stand	1575445427_p027--.png
rack-stand	Wooden Vegetable Rack C/W 6 basket	1584676959_43009836_2692161417476812_4197329284768989184_n.png
rack-stand	Z brochure stand	1584508265_brochure-stands-500x500.png
trolley-basket	130kg plastic Hand Truck	1584677277_1535606702bab40f0118bb3c75d983e6f2bfba28eb.png
trolley-basket	2 Tier Shopping Trolley	1575450954_p042--.png
trolley-basket	3 Step Ladder Trolley	1575450825_p038--.png
trolley-basket	Basket	1575450914_p041--.png
trolley-basket	Double Layer Hand Trolley	1584677078_15356072795d8930869a3aafab848fcc191d6ef6dd.png
trolley-basket	Fruit Rack Basket	1575451094_p045--.png
trolley-basket	Metal ST150 Hand Truck	1575450851_p039--.png
trolley-basket	PVC ST150 Hand Truck	1575450887_p040--.png
trolley-basket	Shopping Basket WIth Roller	1575451016_p044--.png
trolley-basket	Shopping Trolley	1575450987_p043--.png
wire-product	2 Level Offer Bin	1575876227_p064--.png
wire-product	2 Level Offer Bin With Back Netting	1575528012_p068--.png
wire-product	3 Level Offer Bin	1575527982_p067--.png
wire-product	Basket With Screw	1575528180_p074--.png
wire-product	Candy Basket	1575528076_p070--.png
wire-product	Candy Basket Divider	1575527938_p066--.png
wire-product	Netting Basket	1575528134_p072--.png
wire-product	Netting Frame	1575528104_p071--.png
wire-product	Netting Frame Holder	1575528159_p073--.png
wire-product	Oppa Basket stand c/w 4 basket	1584936862_q__oppa_basket_stand_4_level_2.png
wire-product	Oppa Umbrella Stand	1584937132_b1_oppa_umbrella_stand_2.png
wire-product	Pillow Bin	1575527881_p065--.png
wire-product	Single Layer Offer Bin	1575527899_p063--.png
wire-product	Single Layer Offer Bin Canvas	1584678229_thumb_1403167101x6pobdd.png
wire-product	Wire Offer Bin	1575528038_p069--.png
